inverter_id,pr_pct,fleet_median_pr_pct,gap_vs_median_pct,avg_availability_pct,alarms,status
INV-04,75.59,80.87,-6.53,99.88,10,ACTION
INV-09,78.13,80.87,-3.39,99.95,10,ACTION
INV-10,79.93,80.87,-1.15,99.83,15,WATCH
INV-11,80.19,80.87,-0.84,98.16,78,OK
INV-05,80.81,80.87,-0.07,99.93,12,OK
INV-06,80.85,80.87,-0.02,99.85,17,OK
INV-02,80.88,80.87,0.02,99.21,77,OK
INV-12,81.14,80.87,0.33,99.82,19,OK
INV-03,81.24,80.87,0.46,99.81,16,OK
INV-01,81.37,80.87,0.63,99.83,12,OK
INV-07,81.4,80.87,0.66,99.83,9,OK
INV-08,81.53,80.87,0.82,99.78,15,OK
