week,inverter_id,deviation_pct
0,INV-01,-0.31
0,INV-02,-0.3
0,INV-03,0.85
0,INV-04,-0.45
0,INV-05,0.37
0,INV-06,0.2
0,INV-07,0.63
0,INV-08,-2.03
0,INV-09,-2.45
0,INV-10,-1.69
0,INV-11,0.4
0,INV-12,0.67
1,INV-01,0.94
1,INV-02,-0.12
1,INV-03,0.57
1,INV-04,-0.6
1,INV-05,-0.14
1,INV-06,-0.34
1,INV-07,-0.25
1,INV-08,0.82
1,INV-09,-2.71
1,INV-10,-0.72
1,INV-11,1.42
1,INV-12,-0.58
2,INV-01,0.15
2,INV-02,0.43
2,INV-03,-0.2
2,INV-04,-0.59
2,INV-05,-0.25
2,INV-06,-0.21
2,INV-07,0.57
2,INV-08,0.9
2,INV-09,-5.25
2,INV-10,-0.99
2,INV-11,0.82
2,INV-12,0.27
3,INV-01,0.98
3,INV-02,0.79
3,INV-03,-0.02
3,INV-04,0.07
3,INV-05,-0.86
3,INV-06,0.06
3,INV-07,0.53
3,INV-08,1.23
3,INV-09,-6.47
3,INV-10,-1.49
3,INV-11,0.39
3,INV-12,-0.78
4,INV-01,0.5
4,INV-02,-3.05
4,INV-03,-0.02
4,INV-04,-0.47
4,INV-05,-0.12
4,INV-06,-0.54
4,INV-07,0.85
4,INV-08,1.08
4,INV-09,-3.53
4,INV-10,-1.74
4,INV-11,1.11
4,INV-12,0.67
5,INV-01,0.32
5,INV-02,0.66
5,INV-03,0.39
5,INV-04,-0.3
5,INV-05,-0.12
5,INV-06,-0.56
5,INV-07,0.58
5,INV-08,1.13
5,INV-09,-2.65
5,INV-10,-1.68
5,INV-11,0.76
5,INV-12,0.88
6,INV-01,0.45
6,INV-02,-2.92
6,INV-03,0.5
6,INV-04,-0.73
6,INV-05,-0.64
6,INV-06,0.0
6,INV-07,1.0
6,INV-08,0.88
6,INV-09,-3.92
6,INV-10,-1.73
6,INV-11,0.7
6,INV-12,-0.06
7,INV-01,0.67
7,INV-02,-2.33
7,INV-03,0.46
7,INV-04,-0.1
7,INV-05,-1.01
7,INV-06,-0.51
7,INV-07,0.68
7,INV-08,1.48
7,INV-09,-6.72
7,INV-10,-1.28
7,INV-11,1.44
7,INV-12,0.14
8,INV-01,-0.89
8,INV-02,0.71
8,INV-03,-1.5
8,INV-04,-0.23
8,INV-05,-0.68
8,INV-06,-0.37
8,INV-07,0.55
8,INV-08,0.53
8,INV-09,-5.85
8,INV-10,-0.72
8,INV-11,0.61
8,INV-12,-1.84
9,INV-01,0.55
9,INV-02,-0.34
9,INV-03,0.21
9,INV-04,-0.77
9,INV-05,-0.6
9,INV-06,-0.14
9,INV-07,0.87
9,INV-08,0.32
9,INV-09,-2.15
9,INV-10,-1.5
9,INV-11,0.81
9,INV-12,0.87
10,INV-01,0.73
10,INV-02,0.97
10,INV-03,0.06
10,INV-04,-3.15
10,INV-05,-0.17
10,INV-06,-0.74
10,INV-07,0.69
10,INV-08,-1.12
10,INV-09,-3.96
10,INV-10,-0.99
10,INV-11,0.66
10,INV-12,-0.04
11,INV-01,0.43
11,INV-02,-1.69
11,INV-03,0.84
11,INV-04,-11.74
11,INV-05,-0.85
11,INV-06,-0.32
11,INV-07,1.24
11,INV-08,1.32
11,INV-09,-5.55
11,INV-10,-0.91
11,INV-11,0.66
11,INV-12,0.06
12,INV-01,0.67
12,INV-02,1.72
12,INV-03,0.84
12,INV-04,-10.67
12,INV-05,-1.24
12,INV-06,-0.03
12,INV-07,-0.04
12,INV-08,1.14
12,INV-09,-6.98
12,INV-10,-1.22
12,INV-11,0.78
12,INV-12,-0.3
13,INV-01,-0.38
13,INV-02,0.44
13,INV-03,-0.83
13,INV-04,-10.39
13,INV-05,0.34
13,INV-06,-0.1
13,INV-07,0.85
13,INV-08,0.41
13,INV-09,-1.8
13,INV-10,-1.3
13,INV-11,0.53
13,INV-12,-0.22
14,INV-01,1.05
14,INV-02,0.76
14,INV-03,0.3
14,INV-04,-9.95
14,INV-05,0.34
14,INV-06,-0.25
14,INV-07,0.34
14,INV-08,0.76
14,INV-09,-2.55
14,INV-10,-0.53
14,INV-11,0.88
14,INV-12,-0.55
15,INV-01,0.5
15,INV-02,-3.36
15,INV-03,0.36
15,INV-04,-12.44
15,INV-05,-0.7
15,INV-06,-0.01
15,INV-07,1.56
15,INV-08,0.8
15,INV-09,-5.05
15,INV-10,-1.53
15,INV-11,1.1
15,INV-12,-0.01
16,INV-01,0.32
16,INV-02,-0.36
16,INV-03,0.23
16,INV-04,-10.76
16,INV-05,0.08
16,INV-06,0.62
16,INV-07,0.51
16,INV-08,0.39
16,INV-09,-6.2
16,INV-10,-2.62
16,INV-11,1.61
16,INV-12,-0.76
17,INV-01,0.45
17,INV-02,0.95
17,INV-03,0.42
17,INV-04,-10.67
17,INV-05,-0.08
17,INV-06,-1.26
17,INV-07,0.09
17,INV-08,1.18
17,INV-09,-2.42
17,INV-10,-1.47
17,INV-11,0.78
17,INV-12,0.57
18,INV-01,1.06
18,INV-02,-1.64
18,INV-03,0.88
18,INV-04,-10.71
18,INV-05,-0.53
18,INV-06,-0.56
18,INV-07,0.05
18,INV-08,0.43
18,INV-09,-2.6
18,INV-10,-0.28
18,INV-11,0.26
18,INV-12,0.77
19,INV-01,1.11
19,INV-02,0.61
19,INV-03,-0.26
19,INV-04,-10.01
19,INV-05,-0.12
19,INV-06,-0.24
19,INV-07,1.02
19,INV-08,0.64
19,INV-09,-4.08
19,INV-10,-2.42
19,INV-11,1.26
19,INV-12,0.33
20,INV-01,-2.2
20,INV-02,1.45
20,INV-03,0.82
20,INV-04,-10.44
20,INV-05,0.08
20,INV-06,0.43
20,INV-07,0.23
20,INV-08,0.69
20,INV-09,-5.78
20,INV-10,-1.14
20,INV-11,1.55
20,INV-12,-1.23
21,INV-01,1.03
21,INV-02,0.01
21,INV-03,0.02
21,INV-04,-10.46
21,INV-05,-0.59
21,INV-06,0.05
21,INV-07,0.38
21,INV-08,0.47
21,INV-09,-5.1
21,INV-10,-2.07
21,INV-11,1.07
21,INV-12,-2.22
22,INV-01,0.96
22,INV-02,0.95
22,INV-03,0.84
22,INV-04,-10.37
22,INV-05,-0.19
22,INV-06,0.03
22,INV-07,-0.05
22,INV-08,0.31
22,INV-09,-1.75
22,INV-10,-1.0
22,INV-11,0.74
22,INV-12,0.21
23,INV-01,0.58
23,INV-02,0.32
23,INV-03,0.39
23,INV-04,-10.23
23,INV-05,0.03
23,INV-06,-0.03
23,INV-07,1.33
23,INV-08,0.81
23,INV-09,-4.3
23,INV-10,-1.16
23,INV-11,1.15
23,INV-12,0.59
24,INV-01,1.53
24,INV-02,0.19
24,INV-03,0.31
24,INV-04,-9.28
24,INV-05,-0.01
24,INV-06,-0.15
24,INV-07,0.95
24,INV-08,0.93
24,INV-09,-5.07
24,INV-10,-0.68
24,INV-11,-0.14
24,INV-12,0.27
25,INV-01,1.16
25,INV-02,1.43
25,INV-03,0.09
25,INV-04,-11.05
25,INV-05,-0.27
25,INV-06,-0.69
25,INV-07,-0.3
25,INV-08,1.74
25,INV-09,-6.4
25,INV-10,-1.61
25,INV-11,1.28
25,INV-12,0.16
26,INV-01,0.47
26,INV-02,-0.05
26,INV-03,0.68
26,INV-04,-10.03
26,INV-05,0.07
26,INV-06,-0.13
26,INV-07,-1.43
26,INV-08,0.54
26,INV-09,-1.23
26,INV-10,-2.3
26,INV-11,0.94
26,INV-12,0.35
27,INV-01,1.07
27,INV-02,0.93
27,INV-03,0.28
27,INV-04,-10.35
27,INV-05,-2.2
27,INV-06,-0.05
27,INV-07,1.56
27,INV-08,-1.01
27,INV-09,-2.6
27,INV-10,-1.07
27,INV-11,-90.24
27,INV-12,1.36
28,INV-01,0.99
28,INV-02,-1.57
28,INV-03,0.43
28,INV-04,-11.49
28,INV-05,-0.09
28,INV-06,-1.69
28,INV-07,0.84
28,INV-08,0.87
28,INV-09,-1.27
28,INV-10,-2.1
28,INV-11,0.4
28,INV-12,1.18
29,INV-01,0.46
29,INV-02,-0.35
29,INV-03,0.64
29,INV-04,-9.88
29,INV-05,-0.55
29,INV-06,-0.06
29,INV-07,0.22
29,INV-08,0.83
29,INV-09,-2.11
29,INV-10,-1.19
29,INV-11,0.98
29,INV-12,0.67
30,INV-01,0.03
30,INV-02,-1.75
30,INV-03,0.52
30,INV-04,-10.39
30,INV-05,-0.6
30,INV-06,0.52
30,INV-07,0.73
30,INV-08,0.86
30,INV-09,-0.87
30,INV-10,-1.8
30,INV-11,0.57
30,INV-12,0.39
31,INV-01,-2.12
31,INV-02,-1.82
31,INV-03,-1.15
31,INV-04,-9.51
31,INV-05,-0.14
31,INV-06,0.36
31,INV-07,0.81
31,INV-08,0.79
31,INV-09,-2.45
31,INV-10,-1.44
31,INV-11,0.82
31,INV-12,0.33
32,INV-01,1.11
32,INV-02,-0.25
32,INV-03,0.55
32,INV-04,-9.92
32,INV-05,0.4
32,INV-06,-0.11
32,INV-07,0.32
32,INV-08,0.76
32,INV-09,-1.88
32,INV-10,-1.48
32,INV-11,0.43
32,INV-12,0.07
33,INV-01,-0.26
33,INV-02,1.02
33,INV-03,0.53
33,INV-04,-9.91
33,INV-05,-0.37
33,INV-06,-0.11
33,INV-07,0.13
33,INV-08,0.73
33,INV-09,-1.61
33,INV-10,-2.81
33,INV-11,1.04
33,INV-12,1.01
34,INV-01,0.37
34,INV-02,-0.27
34,INV-03,0.12
34,INV-04,-9.85
34,INV-05,0.44
34,INV-06,-0.31
34,INV-07,0.81
34,INV-08,-0.19
34,INV-09,-0.92
34,INV-10,-1.24
34,INV-11,0.86
34,INV-12,0.44
35,INV-01,0.62
35,INV-02,0.07
35,INV-03,-0.03
35,INV-04,-10.51
35,INV-05,0.05
35,INV-06,0.61
35,INV-07,0.75
35,INV-08,-0.68
35,INV-09,-1.28
35,INV-10,-1.35
35,INV-11,0.63
35,INV-12,0.68
36,INV-01,-1.88
36,INV-02,0.92
36,INV-03,0.43
36,INV-04,-10.61
36,INV-05,0.6
36,INV-06,-0.65
36,INV-07,-0.13
36,INV-08,0.1
36,INV-09,-1.62
36,INV-10,-1.4
36,INV-11,1.14
36,INV-12,-0.56
37,INV-01,1.27
37,INV-02,-2.13
37,INV-03,0.9
37,INV-04,-9.99
37,INV-05,-0.03
37,INV-06,0.54
37,INV-07,0.02
37,INV-08,-0.74
37,INV-09,-1.35
37,INV-10,-3.11
37,INV-11,0.41
37,INV-12,0.53
38,INV-01,-0.8
38,INV-02,-0.06
38,INV-03,-1.63
38,INV-04,-9.9
38,INV-05,-0.24
38,INV-06,0.73
38,INV-07,0.55
38,INV-08,0.52
38,INV-09,-2.46
38,INV-10,-1.76
38,INV-11,-0.3
38,INV-12,1.17
39,INV-01,-0.1
39,INV-02,-0.44
39,INV-03,0.64
39,INV-04,-10.03
39,INV-05,0.32
39,INV-06,-0.03
39,INV-07,0.4
39,INV-08,0.58
39,INV-09,-2.24
39,INV-10,-1.33
39,INV-11,0.92
39,INV-12,1.16
40,INV-01,0.5
40,INV-02,0.61
40,INV-03,0.59
40,INV-04,-7.65
40,INV-05,0.01
40,INV-06,-0.52
40,INV-07,0.33
40,INV-08,0.54
40,INV-09,-3.93
40,INV-10,-1.09
40,INV-11,0.6
40,INV-12,0.87
41,INV-01,0.35
41,INV-02,-5.22
41,INV-03,0.8
41,INV-04,-0.38
41,INV-05,-0.68
41,INV-06,-1.85
41,INV-07,0.51
41,INV-08,0.51
41,INV-09,-4.65
41,INV-10,-0.76
41,INV-11,0.96
41,INV-12,0.38
42,INV-01,0.88
42,INV-02,0.79
42,INV-03,-0.02
42,INV-04,-0.43
42,INV-05,-2.07
42,INV-06,0.03
42,INV-07,-1.22
42,INV-08,0.54
42,INV-09,-6.95
42,INV-10,-0.87
42,INV-11,0.67
42,INV-12,-0.29
43,INV-01,0.84
43,INV-02,-0.12
43,INV-03,-2.33
43,INV-04,0.02
43,INV-05,-0.14
43,INV-06,-0.26
43,INV-07,0.25
43,INV-08,-2.16
43,INV-09,-1.45
43,INV-10,-1.46
43,INV-11,-2.41
43,INV-12,0.78
44,INV-01,0.01
44,INV-02,1.03
44,INV-03,0.57
44,INV-04,-0.52
44,INV-05,0.26
44,INV-06,-0.02
44,INV-07,0.37
44,INV-08,1.53
44,INV-09,-2.49
44,INV-10,-1.75
44,INV-11,-0.56
44,INV-12,0.13
45,INV-01,0.04
45,INV-02,0.42
45,INV-03,0.51
45,INV-04,-0.55
45,INV-05,-0.42
45,INV-06,-0.05
45,INV-07,0.67
45,INV-08,-0.98
45,INV-09,-3.92
45,INV-10,-1.29
45,INV-11,-0.76
45,INV-12,0.07
46,INV-01,0.78
46,INV-02,-1.16
46,INV-03,0.5
46,INV-04,0.3
46,INV-05,-0.2
46,INV-06,-0.32
46,INV-07,0.71
46,INV-08,1.39
46,INV-09,-5.75
46,INV-10,-0.78
46,INV-11,1.73
46,INV-12,-0.38
47,INV-01,0.63
47,INV-02,0.86
47,INV-03,-0.12
47,INV-04,-0.13
47,INV-05,-0.24
47,INV-06,-0.67
47,INV-07,0.09
47,INV-08,0.61
47,INV-09,-3.14
47,INV-10,-1.32
47,INV-11,0.79
47,INV-12,-1.82
48,INV-01,0.55
48,INV-02,0.11
48,INV-03,0.88
48,INV-04,-1.03
48,INV-05,-1.09
48,INV-06,-1.89
48,INV-07,-3.23
48,INV-08,1.19
48,INV-09,-2.52
48,INV-10,-1.12
48,INV-11,-0.51
48,INV-12,0.24
49,INV-01,0.9
49,INV-02,-4.06
49,INV-03,0.03
49,INV-04,-0.74
49,INV-05,-0.41
49,INV-06,-0.23
49,INV-07,0.81
49,INV-08,1.04
49,INV-09,-4.45
49,INV-10,-1.07
49,INV-11,0.84
49,INV-12,-0.21
50,INV-01,0.25
50,INV-02,0.9
50,INV-03,-0.62
50,INV-04,-0.84
50,INV-05,-0.95
50,INV-06,-1.18
50,INV-07,0.59
50,INV-08,1.65
50,INV-09,-5.3
50,INV-10,-0.79
50,INV-11,1.59
50,INV-12,-0.29
51,INV-01,-0.14
51,INV-02,0.95
51,INV-03,0.45
51,INV-04,-0.54
51,INV-05,-0.06
51,INV-06,-0.1
51,INV-07,0.81
51,INV-08,1.06
51,INV-09,-4.91
51,INV-10,-1.45
51,INV-11,0.71
51,INV-12,0.22
52,INV-01,0.23
52,INV-02,0.35
52,INV-03,0.14
52,INV-04,0.2
52,INV-05,-0.58
52,INV-06,-0.1
52,INV-07,-0.04
52,INV-08,1.04
52,INV-09,-2.62
52,INV-10,-1.37
52,INV-11,0.94
52,INV-12,-0.35
